First Name,Last Name,Organization,Phone 1 - Value,Phone 1 - Type,Email 1 - Value,Notes
Omni Surfaces,Marketing,Omni Surfaces,+17134635000,Work,sales@omnisurfaces.com,USA Stone Importer - Houston TX | imports from India Italy Brazil Turkey
Tajams Marble,Marketing,Tajams Marble and Granite (TMG),+17137509817,Work,sales@tajams.com,USA Stone Importer - Houston TX | global imports
Stone Depot,Marketing,Stone Depot USA,+12817711511,Work,info@stonedepotus.com,USA Stone Importer - Carrollton/Houston TX | imports from India | since 1984
NSI Stone,Marketing,NSI Stone Trading,+17183813088,Work,info@naturalstoneny.com,USA Stone Importer - Brooklyn NY | WA: +19178770447 | 2M+ sqft | imports from India
KK Marble,Marketing,K&K Marble Importers,+15169325630,Work,kkmarble@verizon.net,USA Stone Importer - Bethpage NY | 50+ years | imports from Italy India
Wholesale Marble,Marketing,Wholesale Marble & Granite Inc.,+17189983636,Work,info@wmgstone.com,USA Stone Importer - Brooklyn NY | since 1983 | imports from India Italy
Epic Stones,Marketing,Epic Stones,+14694209380,Work,zee@epicstones.com,USA Stone Importer - Dallas TX | imports from India Brazil China Spain Italy
LRC Marble,Marketing,LRC Marble and Granite,+15126406401,Work,shivam@graniteatx.com,USA Stone Importer - Austin TX | active Oct 2025 shipments from India
KLZ Stone,Marketing,KLZ Stone Supply Inc.,+19728076187,Work,info@klzstone.com,USA Stone Distributor - Dallas/Fort Worth TX | 30000+ slabs | India Brazil Turkey
Verona Marble,Marketing,Verona Marble Company,+12143818405,Work,info@vmcstone.com,USA Stone Importer - Dallas TX | global imports
Maestro Surfaces,Marketing,Maestro Surfaces,+13462005311,Work,msinquiry@maestrosurfaces.com,USA Stone Wholesaler - Houston TX | 100000 sqft | imports from India Brazil
Avani Granite,Marketing,Avani Granite & Marble,+17136831640,Work,harish@avanigranite.com,USA Stone Importer - Houston TX | imports from India
Quality Marble,Marketing,Quality Marble Tile & Granite,+12818886262,Work,,USA Stone Importer - Houston TX | imports from India
Shenoy Granite,Marketing,Shenoy Granites & Marble Inc.,+15124527900,Work,,USA Stone Importer - Austin TX | imports from India
UMI Stone,Marketing,UMI Stone (United Materials Inc.),+15167772700,Work,,USA Stone Wholesaler - Brooklyn/Farmingdale NY | imports from India
Mackson Marble,Marketing,Mackson Marble,+16313909490,Work,,USA Stone Importer - Oyster Bay NY | global imports
New York Stone,Marketing,New York Stone,+12122561500,Work,info@newyorkstone.com,USA Stone Distributor - Manhattan NY | tri-state | global imports
Mega Marble,Marketing,Mega Marble,+18006342315,Work,megamarble@gmail.com,USA Stone Distributor - Brooklyn/Queens/LI NY | FLAG: toll-free number | global imports
Francini Inc,Marketing,Francini Inc.,+18187675899,Work,info@francinimarble.com,USA Stone Importer - Sun Valley LA CA | multi-state | imports from India Brazil Italy Turkey
Marble Express,Marketing,Marble Express Inc.,+18189891261,Work,,USA Stone Importer - Van Nuys LA CA | 30+ years | 200000 sqft | imports from India
ST Stones,Marketing,ST Stones Inc.,+19548739965,Work,info@ststones.com,USA Stone Wholesaler - Pompano Beach/Miami FL | direct from quarry | imports from India Brazil
Primestones,Marketing,Primestones,+15617278000,Work,info@primestones.com,USA Stone Importer - West Palm Beach/Doral FL | 3 FL locations | imports from Brazil India Indonesia
Ikon Stone,Marketing,Ikon Stone LLC,+14049636490,Work,office@ikonstone.com,USA Stone Importer - Atlanta GA | high-end slabs | imports from India
Builderstone Global,Marketing,BuilderStone Global LLC,+14705512092,Work,info@builderstoneglobal.com,USA Stone Importer - Atlanta GA | imports from India Vietnam Spain
MGSI,Marketing,Marble & Granite Supply of Illinois,+18479721161,Work,sales@marble-granites.com,USA Stone Wholesaler - Niles Chicago IL | imports from India
UGM Surfaces,Marketing,Universal Granite & Marble (UGM Surfaces),+17732685400,Work,info@universalgranite.com,USA Stone Importer - Chicago IL | 12 Midwest locations | imports from India Brazil Italy China Spain
NHG Naturstein,Marketing,NHG Naturstein Handels Gesellschaft mbH,+492018351300,Work,info@nhg-naturstein.de,EU Stone Importer - Essen Germany | imports from India + multiple
Ninos Shamon,Marketing,Ninos Naturstein & Fliesen,+4925629171710,Work,info@ninos-naturstein.com,EU Stone Importer - Gronau Germany | imports from India China Brazil Spain Portugal Italy
Seltra Naturstein,Marketing,Seltra Natursteinhandel GmbH,+497022407090,Work,marketing@seltra.de,EU Stone Importer - Nurtingen Germany | imports from India China Brazil Vietnam Turkey
Naturstein Direkt,Marketing,Naturstein-Direkt GmbH & Co. KG,+4991419205000,Work,onlineshop@naturstein-direkt.de,EU Stone Importer - Bergen Germany | slate quartzite marble granite
Natursteine Schädler,Marketing,Natursteine Schädler,+498395633000,Work,info@natursteine-schaedler.de,EU Stone Specialist - Rot an der Rot Germany | stonemason
SEMAR,Marketing,Piedras y Mármoles SEMAR S.L.,+34965476503,Work,semar@pymsemar.com,EU Marble Importer - Alguena Alicante Spain | imports from Turkey India Egypt
Santes Piedra,Marketing,Santes Piedra Natural S.L.,+34961262069,Work,,EU Stone Wholesaler - Albal Valencia Spain | visited India for sourcing
TINO Natural Stone,Marketing,TINO Natural Stone,+34952906149,Work,sales@tinostone.com,EU Premium Stone - Marbella Spain | imports from India + multiple
Imperial Marble UK,Marketing,Imperial Marble & Granite Importers Ltd,+442084526331,Work,,EU Stone Importer - London UK | 20+ years | imports from Italy Spain Portugal Turkey Brazil India
Global Granite UK,Marketing,Global Granite & Trading Co. Ltd,+441322660550,Work,info@globalgranite.co.uk,EU Stone Importer - Swanley Kent UK | parent company in India (Toshniwal Exports)
International Stones UK,Marketing,International Stones (UK) Ltd,+441142855717,Work,sales@istones.co.uk,EU Stone Importer - Rotherham UK | family-run | imports from India + multiple
Interstones UK,Marketing,Interstones UK,+442080902090,Work,office@interstones.co.uk,EU Stone Wholesaler - Iver Heath UK | marble granite quartzite porcelain | imports from India
Imperial Stone Group,Marketing,Imperial Stone Group Ltd,+442034096253,Work,michael@imperialstonegroup.com,EU Stone Importer - London UK | premium slab | imports from India + multiple
Marble City UK,Marketing,Marble City Ltd,+442088711191,Work,,EU Stone Supplier - London Wandsworth UK | worktop fabricator
Pietre Rapolano,Marketing,Pietre di Rapolano SRL,+390552326120,Work,,EU Stone Supplier - Florence Italy | marble travertine
Acemar Stone,Marketing,Acemar Stone,+390452457128,Work,info@acemarstone.com,EU Stone Supplier - Verona Italy | marble granite onyx | since 1956
BMB Belgium,Marketing,BMB (Belgian Marble and Granite Companies),+3256680561,Work,,EU Stone Wholesaler - Wortegem-Petegem Belgium | Benelux + France | imports from India Brazil China
Lenarduzzi,Marketing,Lenarduzzi Natuursteen B.V.,+31356014727,Work,,EU Stone Supplier - Soest Utrecht Netherlands | family stone designer | imports from India
Snijders Natuursteen,Marketing,Snijders Natuursteen Almere B.V.,+31207113050,Work,,EU Stone Wholesaler - Almere Netherlands | 14% NL granite import share | imports from India (100% marble)
Fair Deal Marbles,Marketing,Fair Deal Marbles & Granite IND LLC,+97165343255,Work,info@fairdealmarble.com,ME Stone Importer - Sharjah UAE | Pankaj Kumar Bajaj MD | imports from India Italy Turkey Spain
Al Mina Marble,Marketing,Al Mina Marble & Granite Trading LLC,+97165392488,Work,,ME Stone Importer - Sharjah UAE | Kaushik Swamy MD | imports from India Turkey Italy
ARStones Marble,Marketing,ARStones Marble Trading Co. LLC,+97165436706,Work,info@arstones.com,ME Stone Importer - Sharjah UAE | Ramez Elias MD | direct importer from India Italy Turkey Spain
Glaze Granite,Marketing,Glaze Granite & Marble Tr. Est.,+97165353123,Work,info@glaze.ae,ME Stone Importer - Sharjah UAE | Oriental Group India | imports from India Italy Spain Greece Vietnam
Rathath Trading,Marketing,Rathath Trading Co. LLC,+97165355218,Work,,ME Stone Importer - Sharjah UAE | est. 2003 | imports from India Spain Italy Brazil China Turkey
Natural Stone Trading,Marketing,Natural Stone Trading LLC,+97142662840,Work,nstone@emirates.net.ae,ME Stone Importer - Dubai UAE | Mohammed Ali Al Shaba MD | WA: +971502710092 | imports from India + multiple
Dar Al Rokham,Marketing,Dar Al Rokham LLC,+97148802545,Work,mail@dar-al-rokham.com,ME Stone Contractor - Dubai UAE | est. 1975 | imports from India + international
Al Majid Stone,Marketing,Al Majid Stone LLC,+97142610004,Work,majstone@emirates.net.ae,ME Stone Importer - Dubai UAE | est. early 2000s | imports from India Oman Italy Spain Brazil China
Grani Marmo Classic,Marketing,Grani Marmo Classic Stones Factory LLC,+97148834885,Work,info@marmoclassic.ae,ME Stone Factory - Dubai UAE | Subodh Shah MD | est. 2014 | imports from 42 countries incl. India
Al Hadeer Marble,Marketing,Al Hadeer Marble & Stone Cutting Factory LLC,+97165424181,Work,info@alhadeerllc.com,ME Stone Factory - Sharjah UAE | WA: +971552279699 | imports from India + international
Natural Stones UAE,Marketing,Natural Stones Marbles Trading LLC,+97165352252,Work,support@naturalstoneuae.com,ME Stone Importer - Sharjah UAE | WA: +971565043631 | imports from India Turkey Italy
Ronak International,Marketing,Ronak International Marble & Natural Stone Trading LLC,+97165525788,Work,wecare@ronakintl.com,ME Stone Importer - Sharjah UAE | Mohammad Kamran MD | WA: +971566295555 | imports from India Italy Greece Spain Vietnam Turkey
Al Taj Marble,Marketing,Al Taj Marble & Tiles Ind. LLC,+97165239051,Work,info@altajmarble.ae,ME Stone Importer - Sharjah UAE | est. 2013 | WA: +971555575049 | imports from India Turkey Italy
Al Milad Trading,Marketing,Al Milad General Trading Co. LLC,+97165345587,Work,info@miladmarble.com,ME Stone Stockist - Sharjah UAE | GCC major marble stockist | imports from India Oman Italy Spain Greece
Al Remal Marble,Marketing,Al Remal Tiles & Marble Co. LLC,+97165353489,Work,info@alremalmarble.com,ME Stone Importer - Sharjah UAE | est. 1989 | imports from India Turkey Italy Spain
Siom Marble,Marketing,Siom Marble & Granite Factory LLC,+97165422240,Work,info@siommarble.com,ME Stone Factory - Sharjah UAE | Maurice Broummana Chairman | est. 1990 | imports from Italy India
Al Hashem Marble,Marketing,Al Hashem Marble Co. LLC,+97125515700,Work,,ME Stone Importer - Abu Dhabi UAE | 40+ years in market | imports from India + international
Al Qemah Marble,Marketing,Al Qemah Marble & Granite LLC,+97165436746,Work,,ME Stone Importer - Sharjah UAE | imports from international stone
Saudi Marble SMG,Marketing,Saudi Marble & Granite Factory Co. Ltd. (SMG),+966114405800,Work,info@smg.com.sa,ME Stone Factory - Riyadh Saudi Arabia | Abdul Junaid Projects Director | est. 1991 Al Harbi Group | imports from India
Fanar Marble,Marketing,Fanar Marble Factory,+966581977475,Work,,ME Stone Factory - Riyadh Saudi Arabia | est. 2015 | imports from India Portugal Spain Italy Greece Turkey China Egypt Oman
Marble Boutique KSA,Marketing,Marble Boutique,+966112192329,Work,info@marbleboutique.net,ME Stone Importer - Riyadh Saudi Arabia | 35 years in stone | imports from India + international
AkmaStone,Marketing,AkmaStone,+966531972124,Work,,ME Stone Importer - Jeddah Saudi Arabia | serves Riyadh & Dammam | imports from India Italy Spain Greece Portugal Brazil Vietnam China Turkey
ORYX Marble Qatar,Marketing,ORYX For Marble & Granite,+97444154386,Work,info@oryxmarble.qa,ME Stone Factory - Doha Qatar | largest stone factory in Qatar | imports from India Turkey Italy
Nabina Marble Qatar,Marketing,Nabina Marble Factory,+97444652345,Work,nmf@nabina.com,ME Stone Factory - Doha Qatar | part of Nabina Group | imports from India + international
ME Marble Qatar,Marketing,Middle East Marble & Granite Trading WLL,+97441402454,Work,,ME Stone Importer - Doha Qatar | Industrial Area | imports international stone
Al-Fan Qatar,Marketing,Al-Fan Al-Damishqe,+97455804003,Work,info@alfanmarbles.com,ME Stone Importer - Doha Qatar | stone trade since 1972 Syria | est. Qatar 2013 | imports from India China Greece Brazil Turkey
Al-Jehad Kuwait,Marketing,Al-Jehad International Co. Stone Marble Granite,+96524927891,Work,,ME Stone Importer - Kuwait City Kuwait | Shuwaikh Industrial Area | imports from India + international
Five Continents Oman,Marketing,Five Continents Marble LLC (5CM),+96824816281,Work,,ME Stone Importer - Muscat Oman | WA: +96899257846 | est. 2003 | 30000 sqm showroom+factory | largest importer in Oman
Al Ajmi Marble Oman,Marketing,Al Ajmi Marble LLC,+96824699979,Work,info@alajmimarble.com,ME Stone Importer - Muscat Oman | WA: +96899885691 | est. 1997 | exports to 45 countries
