company,contact_name,contact_title,email,phone,whatsapp,website,linkedin,city,state,country,materials,evidence_url,india_import_confirmed,why_qualified,draft_hook,enrichment_status
Granite Liquidators,PENDING ENRICHMENT,,,,,https://graniteliquidators.com/,,Denver,CO,USA,"granite, marble, quartzite - imports from India, Italy, Brazil",https://graniteliquidators.com/,YES,"Imports wholesale direct from quarries incl. India; ~200 new slabs/month, 700 in stock - active repeat container buyer",Tariff reset: your India slab landed cost just dropped ~30% vs 2025,needs named contact + email
Colorado Stone Imports,PENDING ENRICHMENT,,,,,https://coloradostoneimports.com/,,Denver,CO,USA,"granite, marble - direct from Brazil, Italy, India",https://coloradostoneimports.com/,YES,"Purchases all slabs direct from factories incl. India - proven direct importer",Tariff reset on your India-sourced material - worth a comparison quote,needs named contact + email
Natural Stone Sales,PENDING ENRICHMENT,,,,,https://www.naturalstonesales.us/,,Denver,CO,USA,"marble, granite - direct import wholesale",https://www.naturalstonesales.us/,LIKELY,"Est. 1998, 25+ yrs direct import & wholesale in Denver metro - established repeat buyer",25 years importing - here's post-tariff India math,needs named contact + email
Cactus Stone,PENDING ENRICHMENT,,,,,https://www.cactusstone.com/,,Phoenix,AZ,USA,"granite, marble, slate, travertine, onyx, limestone",https://www.cactusstone.com/stone.html,LIKELY,"Direct importer of natural stone slabs; broad material range fits Divya catalogue",Direct-importer to direct-quarry: skip a margin tier,needs named contact + email
The Stone Collection,PENDING ENRICHMENT,,,,,https://thestonecollection.com/phoenix-countertops/,,Phoenix,AZ,USA,"natural stone from 30+ countries",https://thestonecollection.com/phoenix-countertops/,LIKELY,"100,000 sq ft showroom, 10,000+ slabs from 30+ countries - major volume buyer",Add a direct Udaipur quarry line to your 30-country network,needs named contact + email
Mexi-Tile / Stone Expo,PENDING ENRICHMENT,,,,,https://www.mexitile.com/countertops-and-slabs/granite/,,Phoenix,AZ,USA,"granite, tile, slabs",https://www.mexitile.com/countertops-and-slabs/granite/,POSSIBLE,"Direct importer/distributor since 1977 serving Arizona - long-established",47 years in AZ stone - post-tariff India quote for your yard,needs named contact + email
Paving Slabs Direct,PENDING ENRICHMENT,,,,,https://www.pavingslabsdirect.co.uk/,,,,UK,"Indian sandstone paving - Kandla Grey, Rippon Buff, Raj Green",https://www.pavingslabsdirect.co.uk/pages/paving-stone-trader-by-direct-importer,YES,"Direct importer sourcing Indian sandstone from partner quarries - exact fit for Divya sandstone/cobbles line",Direct-quarry Indian sandstone - Kandla Grey/Raj Green from source,needs named contact + email
Paving Slabs UK (Westone),PENDING ENRICHMENT,,,,,https://www.pavingslabsuk.co.uk/,,,,UK,"Indian sandstone, porcelain, granite paving, limestone, slate, cladding",https://www.pavingslabsuk.co.uk/pages/paving-slabs-wholesale-warehouse,YES,"Direct importer since 1997 via parent Westone, removes middlemen - trade wholesale operation",Quarry-direct Indian sandstone + porcelain for your trade warehouse,needs named contact + email
Stone Paving Direct,PENDING ENRICHMENT,,,,,https://www.stonepavingdirect.co.uk/,,,,UK,"Indian sandstone, limestone, granite, slate, porcelain paving, cladding",https://www.stonepavingdirect.co.uk/collections/indian-sandstone-paving,YES,"Directly imports Indian sandstone paving from partner quarries - established trade importer",Direct Indian sandstone + limestone paving, quarry to your yard,needs named contact + email
